region,vendor_id,total_spend,average_spend,total_purchase_orders,vendor_rank,total_vendors,gold_load_timestamp
CENTRAL,V0341,85705105.31999996,132670.44167182656,481,1,101,2026-07-12T09:09:56.639Z
CENTRAL,V0153,85346933.44999991,141537.20306799322,444,2,101,2026-07-12T09:09:56.639Z
CENTRAL,V0466,84405574.75999999,181908.56629310342,341,3,101,2026-07-12T09:09:56.639Z
CENTRAL,V0492,82962143.11000004,213270.29077120833,297,4,101,2026-07-12T09:09:56.639Z
CENTRAL,V0075,79542644.01999995,163667.9918106995,371,5,101,2026-07-12T09:09:56.639Z
CENTRAL,V0155,69725671.88999996,166409.71811455837,313,6,101,2026-07-12T09:09:56.639Z
CENTRAL,V0042,69141224.19999997,156428.1090497737,321,7,101,2026-07-12T09:09:56.639Z
CENTRAL,V0289,68558099.61000003,141648.96613636368,355,8,101,2026-07-12T09:09:56.639Z
CENTRAL,V0449,67506755.35999998,191237.26730878183,268,9,101,2026-07-12T09:09:56.639Z
CENTRAL,V0046,67222056.76,135802.13486868687,388,10,101,2026-07-12T09:09:56.639Z
CENTRAL,V0440,58072955.669999965,129627.13319196421,348,11,101,2026-07-12T09:09:56.639Z
CENTRAL,V0187,57607045.61000005,142239.61879012358,297,12,101,2026-07-12T09:09:56.639Z
CENTRAL,V0460,56775471.96999998,156838.32035911595,268,13,101,2026-07-12T09:09:56.639Z
CENTRAL,V0177,56109673.279999994,141691.09414141413,283,14,101,2026-07-12T09:09:56.639Z
CENTRAL,V0355,55725736.769999996,127518.84844393592,329,15,101,2026-07-12T09:09:56.639Z
CENTRAL,V0073,55591379.02,143276.7500515464,295,16,101,2026-07-12T09:09:56.639Z
CENTRAL,V0482,54777414.85999998,163028.0204166666,254,17,101,2026-07-12T09:09:56.639Z
CENTRAL,V0238,54515675.03,138014.36716455696,303,18,101,2026-07-12T09:09:56.639Z
CENTRAL,V0307,54211779.72000003,153140.6206779662,264,19,101,2026-07-12T09:09:56.639Z
CENTRAL,V0459,52585311.59000001,155577.84494082842,255,20,101,2026-07-12T09:09:56.639Z
CENTRAL,V0324,52495423.290000014,194427.4936666667,192,21,101,2026-07-12T09:09:56.639Z
CENTRAL,V0112,52208355.139999986,161136.89858024687,228,22,101,2026-07-12T09:09:56.639Z
CENTRAL,V0339,50915252.859999985,137981.71506775063,293,23,101,2026-07-12T09:09:56.639Z
CENTRAL,V0054,50804548.93999999,158764.21543749998,238,24,101,2026-07-12T09:09:56.639Z
CENTRAL,V0213,49507703.209999986,147784.18868656713,247,25,101,2026-07-12T09:09:56.639Z
CENTRAL,V0248,48820231.24999999,182847.30805243444,203,26,101,2026-07-12T09:09:56.639Z
CENTRAL,V0131,48660475.690000005,128053.88339473685,276,27,101,2026-07-12T09:09:56.639Z
CENTRAL,V0102,48330804.64999999,193323.21859999996,201,28,101,2026-07-12T09:09:56.639Z
CENTRAL,V0216,47235746.929999985,176912.90985018722,198,29,101,2026-07-12T09:09:56.639Z
CENTRAL,V0107,46730528.31,197175.22493670887,167,30,101,2026-07-12T09:09:56.639Z
CENTRAL,V0450,45995478.82,178277.04968992248,198,31,101,2026-07-12T09:09:56.639Z
CENTRAL,V0147,45218275.64999997,150226.82940199325,228,32,101,2026-07-12T09:09:56.639Z
CENTRAL,V0126,44476722.36000001,116736.80409448821,281,33,101,2026-07-12T09:09:56.639Z
CENTRAL,V0152,44250636.11999998,140478.20990476184,237,34,101,2026-07-12T09:09:56.639Z
CENTRAL,V0198,44229951.06999999,202889.6838073394,157,35,101,2026-07-12T09:09:56.639Z
CENTRAL,V0277,44000321.74,227980.9416580311,142,36,101,2026-07-12T09:09:56.639Z
CENTRAL,V0251,41700842.56000001,141839.6005442177,228,37,101,2026-07-12T09:09:56.639Z
CENTRAL,V0092,41167640.82999999,157730.4246360153,193,38,101,2026-07-12T09:09:56.639Z
CENTRAL,V0486,40513347.86,147858.93379562043,201,39,101,2026-07-12T09:09:56.639Z
CENTRAL,V0178,40049736.07000001,144583.8847292419,203,40,101,2026-07-12T09:09:56.639Z
CENTRAL,V0128,39396050.26,139208.65816254416,207,41,101,2026-07-12T09:09:56.639Z
CENTRAL,V0050,38773122.60000001,135097.98815331014,210,42,101,2026-07-12T09:09:56.639Z
CENTRAL,V0208,38374713.62,161918.6228691983,175,43,101,2026-07-12T09:09:56.639Z
CENTRAL,V0381,37223848.379999995,146550.58417322833,200,44,101,2026-07-12T09:09:56.639Z
CENTRAL,V0444,37083619.33000001,118857.75426282056,243,45,101,2026-07-12T09:09:56.639Z
CENTRAL,V0306,36711126.71999999,143402.83874999997,192,46,101,2026-07-12T09:09:56.639Z
CENTRAL,V0453,34537072.89,124682.5736101083,217,47,101,2026-07-12T09:09:56.639Z
CENTRAL,V0105,34139118.88000001,147788.39341991345,178,48,101,2026-07-12T09:09:56.639Z
CENTRAL,V0327,33992860.519999996,155218.5411872146,148,49,101,2026-07-12T09:09:56.639Z
CENTRAL,V0026,32974897.440000005,128306.99392996111,201,50,101,2026-07-12T09:09:56.639Z
CENTRAL,V0141,32092895.720000003,157318.1162745098,154,51,101,2026-07-12T09:09:56.639Z
CENTRAL,V0344,31904849.96000001,126606.5474603175,186,52,101,2026-07-12T09:09:56.639Z
CENTRAL,V0298,31715742.389999993,183327.99069364156,125,53,101,2026-07-12T09:09:56.639Z
CENTRAL,V0470,31154788.54000001,132011.81584745768,177,54,101,2026-07-12T09:09:56.639Z
CENTRAL,V0008,31126775.119999986,111966.81697841722,207,55,101,2026-07-12T09:09:56.639Z
CENTRAL,V0215,30715958.04,135911.31876106194,161,56,101,2026-07-12T09:09:56.639Z
CENTRAL,V0283,30361831.320000008,143894.9351658768,155,57,101,2026-07-12T09:09:56.639Z
CENTRAL,V0181,29643811.699999996,126682.95598290596,169,58,101,2026-07-12T09:09:56.639Z
CENTRAL,V0493,29494279.580000013,151252.71579487185,136,59,101,2026-07-12T09:09:56.639Z
CENTRAL,V0483,28888017.63,141607.92955882353,153,60,101,2026-07-12T09:09:56.639Z
CENTRAL,V0018,28552846.47000002,141350.72509901001,146,61,101,2026-07-12T09:09:56.639Z
CENTRAL,V0052,27933697.139999993,155187.2063333333,133,62,101,2026-07-12T09:09:56.639Z
CENTRAL,V0476,27911935.730000004,154209.5896685083,134,63,101,2026-07-12T09:09:56.639Z
CENTRAL,V0174,27848648.25,153014.55082417582,129,64,101,2026-07-12T09:09:56.639Z
CENTRAL,V0308,27056228.19999999,185316.63150684925,118,65,101,2026-07-12T09:09:56.639Z
CENTRAL,V0300,27011050.000000004,131121.6019417476,167,66,101,2026-07-12T09:09:56.639Z
CENTRAL,V0329,26723180.310000002,146028.30770491806,146,67,101,2026-07-12T09:09:56.639Z
CENTRAL,V0323,26300405.99,149434.1249431818,131,68,101,2026-07-12T09:09:56.639Z
CENTRAL,V0146,25773463.759999998,121002.1772769953,155,69,101,2026-07-12T09:09:56.639Z
CENTRAL,V0103,25755779.830000006,125028.0574271845,157,70,101,2026-07-12T09:09:56.639Z
CENTRAL,V0385,25422801.37999999,159891.8325786163,127,71,101,2026-07-12T09:09:56.639Z
CENTRAL,V0499,24721526.529999994,144570.33058479527,131,72,101,2026-07-12T09:09:56.639Z
CENTRAL,V0398,24700545.68000002,127322.40041237122,148,73,101,2026-07-12T09:09:56.639Z
CENTRAL,V0196,24188099.549999993,171546.8053191489,111,74,101,2026-07-12T09:09:56.639Z
CENTRAL,V0434,24187639.76,180504.7743283582,98,75,101,2026-07-12T09:09:56.639Z
CENTRAL,V0195,24000435.660000004,120002.17830000001,155,76,101,2026-07-12T09:09:56.639Z
CENTRAL,V0400,23802540.44000001,114435.29057692311,158,77,101,2026-07-12T09:09:56.639Z
CENTRAL,V0384,23599072.57,109763.12823255814,159,78,101,2026-07-12T09:09:56.639Z
CENTRAL,V0285,23483014.799999997,147691.91698113206,125,79,101,2026-07-12T09:09:56.639Z
CENTRAL,V0120,23155147.109999996,151340.8307843137,106,80,101,2026-07-12T09:09:56.639Z
CENTRAL,V0278,21809993.650000006,126802.28866279073,133,81,101,2026-07-12T09:09:56.639Z
CENTRAL,V0374,21419897.59,115783.23021621621,131,82,101,2026-07-12T09:09:56.639Z
CENTRAL,V0017,21415749.890000004,131384.96865030678,116,83,101,2026-07-12T09:09:56.639Z
CENTRAL,V0081,20952602.589999996,151830.4535507246,107,84,101,2026-07-12T09:09:56.639Z
CENTRAL,V0270,20723478.53,145939.98964788733,110,85,101,2026-07-12T09:09:56.639Z
CENTRAL,V0360,20496356.599999998,141354.18344827584,112,86,101,2026-07-12T09:09:56.639Z
CENTRAL,V0124,20306995.360000003,163766.09161290326,93,87,101,2026-07-12T09:09:56.639Z
CENTRAL,V0376,19206569.459999997,104953.93147540982,141,88,101,2026-07-12T09:09:56.639Z
CENTRAL,V0342,17951081.89,115071.03775641027,124,89,101,2026-07-12T09:09:56.639Z
CENTRAL,V0010,17896018.119999997,192430.30236559137,64,90,101,2026-07-12T09:09:56.639Z
CENTRAL,V0303,17742076.51,111585.38685534592,124,91,101,2026-07-12T09:09:56.639Z
CENTRAL,V0165,17296540.779999997,146580.85406779658,90,92,101,2026-07-12T09:09:56.639Z
CENTRAL,V0286,17077712.3,159604.78785046728,84,93,101,2026-07-12T09:09:56.639Z
CENTRAL,V0351,16465861.15,155338.31273584906,86,94,101,2026-07-12T09:09:56.639Z
CENTRAL,V0432,15082293.910000006,102600.63884353745,110,95,101,2026-07-12T09:09:56.639Z
CENTRAL,V0301,14753039.090000004,121925.94289256202,96,96,101,2026-07-12T09:09:56.639Z
CENTRAL,V0020,13796465.509999998,122092.61513274335,89,97,101,2026-07-12T09:09:56.639Z
CENTRAL,V0170,13492585.279999997,92414.96767123287,103,98,101,2026-07-12T09:09:56.639Z
CENTRAL,V0022,12911767.750000002,102474.34722222223,89,99,101,2026-07-12T09:09:56.639Z
CENTRAL,V0293,12061339.779999997,98863.4408196721,92,100,101,2026-07-12T09:09:56.639Z
CENTRAL,V0143,11730603.99,148488.6581012658,54,101,101,2026-07-12T09:09:56.639Z
EAST,V0335,80650286.89999999,161623.82144288576,394,1,98,2026-07-12T09:09:56.639Z
EAST,V0353,80103514.19000004,156147.20115009753,392,2,98,2026-07-12T09:09:56.639Z
EAST,V0135,77107137.87,126405.14404918034,460,3,98,2026-07-12T09:09:56.639Z
EAST,V0473,74189426.80000003,169769.85537757442,337,4,98,2026-07-12T09:09:56.639Z
EAST,V0319,70637818.88999999,166206.6326823529,302,5,98,2026-07-12T09:09:56.639Z
EAST,V0161,70488461.23,134263.7356761905,397,6,98,2026-07-12T09:09:56.639Z
EAST,V0475,70045420.99000007,148401.3156567798,349,7,98,2026-07-12T09:09:56.639Z
EAST,V0233,65103719.250000015,159177.79767726164,305,8,98,2026-07-12T09:09:56.639Z
EAST,V0362,65028418.98999999,132440.77187372706,365,9,98,2026-07-12T09:09:56.639Z
EAST,V0330,62993071.709999986,166648.33785714282,282,10,98,2026-07-12T09:09:56.639Z
EAST,V0109,61528076.64000001,147904.0303846154,304,11,98,2026-07-12T09:09:56.639Z
EAST,V0280,61272162.629999995,142825.5539160839,332,12,98,2026-07-12T09:09:56.639Z
EAST,V0411,61172063.57999997,113914.4573184357,411,13,98,2026-07-12T09:09:56.639Z
EAST,V0266,59871124.17999994,151189.70752525236,283,14,98,2026-07-12T09:09:56.639Z
EAST,V0193,59459680.36999999,160701.8388378378,277,15,98,2026-07-12T09:09:56.639Z
EAST,V0427,57712862.61999999,148362.11470437015,273,16,98,2026-07-12T09:09:56.639Z
EAST,V0312,56455781.71000002,158583.6564887641,268,17,98,2026-07-12T09:09:56.639Z
EAST,V0127,56333086.21999999,182307.722394822,225,18,98,2026-07-12T09:09:56.639Z
EAST,V0035,56124808.350000024,150873.14072580653,278,19,98,2026-07-12T09:09:56.639Z
EAST,V0053,55083425.989999995,148073.72577956988,262,20,98,2026-07-12T09:09:56.639Z
EAST,V0469,54749202.169999994,142948.308537859,286,21,98,2026-07-12T09:09:56.639Z
EAST,V0140,54163193.849999994,163635.0267371601,255,22,98,2026-07-12T09:09:56.639Z
EAST,V0471,53553814.510000005,149174.9707799443,275,23,98,2026-07-12T09:09:56.639Z
EAST,V0359,53511745.51000003,148643.73752777785,264,24,98,2026-07-12T09:09:56.639Z
EAST,V0393,52262626.790000014,120420.79905529958,328,25,98,2026-07-12T09:09:56.639Z
EAST,V0031,48388086.969999984,170982.6394699646,211,26,98,2026-07-12T09:09:56.639Z
EAST,V0043,46816912.56,178011.07437262358,201,27,98,2026-07-12T09:09:56.639Z
EAST,V0059,46207975.739999995,176366.3196183206,194,28,98,2026-07-12T09:09:56.639Z
EAST,V0446,45118480.219999984,142780.00069620248,238,29,98,2026-07-12T09:09:56.639Z
EAST,V0340,44584110.9,135927.16737804876,249,30,98,2026-07-12T09:09:56.639Z
EAST,V0336,44531316.09000001,128332.32302593662,253,31,98,2026-07-12T09:09:56.639Z
EAST,V0089,43612401.07,162127.88501858737,206,32,98,2026-07-12T09:09:56.639Z
EAST,V0435,43461465.98,109474.7253904282,301,33,98,2026-07-12T09:09:56.639Z
EAST,V0185,43045032.36000001,145915.3639322034,215,34,98,2026-07-12T09:09:56.639Z
EAST,V0430,42068919.03000004,145065.2380344829,215,35,98,2026-07-12T09:09:56.639Z
EAST,V0176,41872330.610000014,144387.34693103452,218,36,98,2026-07-12T09:09:56.639Z
EAST,V0397,40951601.60999999,150005.86670329666,211,37,98,2026-07-12T09:09:56.639Z
EAST,V0041,40373367.910000004,119447.83405325445,247,38,98,2026-07-12T09:09:56.639Z
EAST,V0183,39802265.57,121348.3706402439,237,39,98,2026-07-12T09:09:56.639Z
EAST,V0132,38746839.09,127877.35673267327,240,40,98,2026-07-12T09:09:56.639Z
EAST,V0309,38563563.42,125206.37474025975,232,41,98,2026-07-12T09:09:56.639Z
EAST,V0068,38467012.559999995,174850.05709090907,165,42,98,2026-07-12T09:09:56.639Z
EAST,V0150,38406466.319999985,223293.40883720922,124,43,98,2026-07-12T09:09:56.639Z
EAST,V0040,38313426.92000001,163732.59367521372,170,44,98,2026-07-12T09:09:56.639Z
EAST,V0064,37182998.02000001,122716.16508250829,224,45,98,2026-07-12T09:09:56.639Z
EAST,V0467,37022578.45999999,145186.5821960784,195,46,98,2026-07-12T09:09:56.639Z
EAST,V0455,37003801.43999999,160886.09321739126,180,47,98,2026-07-12T09:09:56.639Z
EAST,V0243,34842775.28,147015.9294514768,176,48,98,2026-07-12T09:09:56.639Z
EAST,V0032,33877135.250000015,188206.3069444445,134,49,98,2026-07-12T09:09:56.639Z
EAST,V0210,33098504.889999997,170610.8499484536,147,50,98,2026-07-12T09:09:56.639Z
EAST,V0066,30925075.26000001,133874.7846753247,176,51,98,2026-07-12T09:09:56.639Z
EAST,V0421,30424857.99,171891.85305084745,117,52,98,2026-07-12T09:09:56.639Z
EAST,V0160,29931175.740000006,218475.73532846718,95,53,98,2026-07-12T09:09:56.639Z
EAST,V0080,29474511.9,128150.05173913043,179,54,98,2026-07-12T09:09:56.639Z
EAST,V0069,28876152.990000002,128338.45773333334,173,55,98,2026-07-12T09:09:56.639Z
EAST,V0071,28358992.35,146937.7841968912,147,56,98,2026-07-12T09:09:56.639Z
EAST,V0274,27981593.599999994,112375.87791164656,202,57,98,2026-07-12T09:09:56.639Z
EAST,V0438,27968248.99000001,152001.3532065218,131,58,98,2026-07-12T09:09:56.639Z
EAST,V0345,27244406.029999997,137598.01025252524,145,59,98,2026-07-12T09:09:56.639Z
EAST,V0093,27217891.49,162011.2588690476,118,60,98,2026-07-12T09:09:56.639Z
EAST,V0366,27038012.529999997,122343.9480995475,163,61,98,2026-07-12T09:09:56.639Z
EAST,V0083,26959899.120000005,147321.85311475414,128,62,98,2026-07-12T09:09:56.639Z
EAST,V0465,25885478.72999999,207083.8298399999,104,63,98,2026-07-12T09:09:56.639Z
EAST,V0156,25743505.819999993,150546.81766081866,125,64,98,2026-07-12T09:09:56.639Z
EAST,V0348,25560799.930000015,125915.27059113307,165,65,98,2026-07-12T09:09:56.639Z
EAST,V0027,25503612.19,112350.71449339208,177,66,98,2026-07-12T09:09:56.639Z
EAST,V0489,24920244.650000002,161819.77045454548,112,67,98,2026-07-12T09:09:56.639Z
EAST,V0145,24433235.72,143724.916,117,68,98,2026-07-12T09:09:56.639Z
EAST,V0310,23712275.19,285690.0625301205,62,69,98,2026-07-12T09:09:56.639Z
EAST,V0383,23646714.18000001,112603.40085714291,155,70,98,2026-07-12T09:09:56.639Z
EAST,V0488,23577603.80999999,139512.4485798816,122,71,98,2026-07-12T09:09:56.639Z
EAST,V0099,22468828.420000006,146855.08771241835,115,72,98,2026-07-12T09:09:56.639Z
EAST,V0268,22305416.729999997,144840.36837662334,116,73,98,2026-07-12T09:09:56.639Z
EAST,V0133,21739045.75,136723.55817610063,108,74,98,2026-07-12T09:09:56.639Z
EAST,V0441,21435433.719999995,142902.89146666662,116,75,98,2026-07-12T09:09:56.639Z
EAST,V0484,21315103.09,169167.48484126985,89,76,98,2026-07-12T09:09:56.639Z
EAST,V0369,20716422.939999994,110193.73904255316,141,77,98,2026-07-12T09:09:56.639Z
EAST,V0314,20295901.06,130941.29716129032,118,78,98,2026-07-12T09:09:56.639Z
EAST,V0051,19995506.729999997,145952.6038686131,102,79,98,2026-07-12T09:09:56.639Z
EAST,V0104,18487120.650000013,133000.8679856116,108,80,98,2026-07-12T09:09:56.639Z
EAST,V0494,18185995.279999997,124561.6115068493,116,81,98,2026-07-12T09:09:56.639Z
EAST,V0003,18090982.31,98857.82683060109,141,82,98,2026-07-12T09:09:56.639Z
EAST,V0391,17719052.56,119723.3281081081,114,83,98,2026-07-12T09:09:56.639Z
EAST,V0357,17235893.08,135715.69354330708,100,84,98,2026-07-12T09:09:56.639Z
EAST,V0317,16428695.639999997,116515.57191489359,110,85,98,2026-07-12T09:09:56.639Z
EAST,V0431,15938547.059999997,109921.01420689654,107,86,98,2026-07-12T09:09:56.639Z
EAST,V0462,14636513.930000003,99568.12197278914,121,87,98,2026-07-12T09:09:56.639Z
EAST,V0447,14229797.779999997,187234.18131578944,59,88,98,2026-07-12T09:09:56.639Z
EAST,V0371,14108682.909999998,176358.53637499997,67,89,98,2026-07-12T09:09:56.639Z
EAST,V0420,13741416.589999998,92224.27241610737,126,90,98,2026-07-12T09:09:56.639Z
EAST,V0225,12668642.750000004,171197.87500000006,54,91,98,2026-07-12T09:09:56.639Z
EAST,V0408,10737844.98,116715.70630434783,66,92,98,2026-07-12T09:09:56.639Z
EAST,V0087,10693558.95,111391.2390625,77,93,98,2026-07-12T09:09:56.639Z
EAST,V0332,10390728.659999998,129884.10824999998,61,94,98,2026-07-12T09:09:56.639Z
EAST,V0206,10015993.259999996,102204.01285714282,74,95,98,2026-07-12T09:09:56.639Z
EAST,V0428,9956747.900000002,115776.13837209305,69,96,98,2026-07-12T09:09:56.639Z
EAST,V0354,9824976.5,142390.96376811594,53,97,98,2026-07-12T09:09:56.639Z
EAST,V0390,8317279.869999998,90405.21597826085,74,98,98,2026-07-12T09:09:56.639Z
NORTH,V0130,175550565.85999995,156741.57666071426,833,1,107,2026-07-12T09:09:56.639Z
NORTH,V0249,93197488.72000001,150561.37111470115,457,2,107,2026-07-12T09:09:56.639Z
NORTH,V0223,89145943.11,150584.3633614865,444,3,107,2026-07-12T09:09:56.639Z
NORTH,V0378,86054165.39999995,200592.46013986002,312,4,107,2026-07-12T09:09:56.639Z
NORTH,V0443,81807904.5,175553.4431330472,353,5,107,2026-07-12T09:09:56.639Z
NORTH,V0377,81477871.45999998,142443.8312237762,413,6,107,2026-07-12T09:09:56.639Z
NORTH,V0246,79326520.16999999,175501.15081858405,330,7,107,2026-07-12T09:09:56.639Z
NORTH,V0192,77170940.37999998,131691.0245392491,440,8,107,2026-07-12T09:09:56.639Z
NORTH,V0163,74641804.74000002,153900.62832989695,371,9,107,2026-07-12T09:09:56.639Z
NORTH,V0424,71808285.79000004,187488.99684073115,285,10,107,2026-07-12T09:09:56.639Z
NORTH,V0009,63472243.56000005,225879.87032028486,208,11,107,2026-07-12T09:09:56.639Z
NORTH,V0250,63033041.24,123352.33119373777,400,12,107,2026-07-12T09:09:56.639Z
NORTH,V0350,59303133.46000002,152450.21455012858,276,13,107,2026-07-12T09:09:56.639Z
NORTH,V0252,59195183.58999998,125413.5245550847,356,14,107,2026-07-12T09:09:56.639Z
NORTH,V0036,58744466.13000002,149477.01305343516,290,15,107,2026-07-12T09:09:56.639Z
NORTH,V0154,58466788.49000003,147271.50753148622,299,16,107,2026-07-12T09:09:56.639Z
NORTH,V0451,57444558.93,174603.52258358663,252,17,107,2026-07-12T09:09:56.639Z
NORTH,V0464,55384232.359999985,133778.3390338164,315,18,107,2026-07-12T09:09:56.639Z
NORTH,V0090,52951366.52999997,149580.13144067788,257,19,107,2026-07-12T09:09:56.639Z
NORTH,V0367,51945055.94000003,126080.23286407774,288,20,107,2026-07-12T09:09:56.639Z
NORTH,V0253,51922079.98000001,135213.7499479167,285,21,107,2026-07-12T09:09:56.639Z
NORTH,V0415,51498153.43000001,186587.51242753625,207,22,107,2026-07-12T09:09:56.639Z
NORTH,V0326,51256851.300000004,189840.19,202,23,107,2026-07-12T09:09:56.639Z
NORTH,V0169,51074045.31999998,108899.88341151382,350,24,107,2026-07-12T09:09:56.639Z
NORTH,V0013,50326637.02,129042.65902564103,297,25,107,2026-07-12T09:09:56.639Z
NORTH,V0167,50080606.969999984,173890.99642361107,206,26,107,2026-07-12T09:09:56.639Z
NORTH,V0346,49346582.490000024,134459.35283378753,281,27,107,2026-07-12T09:09:56.639Z
NORTH,V0194,49116617.69999997,142367.0078260869,250,28,107,2026-07-12T09:09:56.639Z
NORTH,V0047,47980625.379999995,195043.192601626,182,29,107,2026-07-12T09:09:56.639Z
NORTH,V0158,47849567.800000004,130736.52404371586,275,30,107,2026-07-12T09:09:56.639Z
NORTH,V0392,47832721.87,134361.57828651686,271,31,107,2026-07-12T09:09:56.639Z
NORTH,V0290,47753432.41999999,133017.9176044568,266,32,107,2026-07-12T09:09:56.639Z
NORTH,V0115,46221051.619999975,149582.69132686075,229,33,107,2026-07-12T09:09:56.639Z
NORTH,V0487,45493775.45999999,150144.47346534653,221,34,107,2026-07-12T09:09:56.639Z
NORTH,V0363,45215793.089999996,243095.66177419352,136,35,107,2026-07-12T09:09:56.639Z
NORTH,V0282,45021542.81,157970.32564912282,216,36,107,2026-07-12T09:09:56.639Z
NORTH,V0012,44868952.569999985,147595.2387171052,220,37,107,2026-07-12T09:09:56.639Z
NORTH,V0144,44722261.48999999,168763.25090566033,196,38,107,2026-07-12T09:09:56.639Z
NORTH,V0166,43065789.31,138031.37599358975,233,39,107,2026-07-12T09:09:56.639Z
NORTH,V0129,42287448.470000006,135972.50311897107,230,40,107,2026-07-12T09:09:56.639Z
NORTH,V0436,42239591.57999999,133669.5936075949,243,41,107,2026-07-12T09:09:56.639Z
NORTH,V0320,41908173.01999999,126229.43680722888,244,42,107,2026-07-12T09:09:56.639Z
NORTH,V0072,41582341.12999999,159932.08126923072,186,43,107,2026-07-12T09:09:56.639Z
NORTH,V0039,41435979.239999995,186648.5551351351,156,44,107,2026-07-12T09:09:56.639Z
NORTH,V0002,40446143.65000001,166445.03559670786,181,45,107,2026-07-12T09:09:56.639Z
NORTH,V0468,38996367.39999999,144967.90855018585,197,46,107,2026-07-12T09:09:56.639Z
NORTH,V0379,38953675.36,177062.1607272727,157,47,107,2026-07-12T09:09:56.639Z
NORTH,V0458,38814738.229999974,159731.4330452674,180,48,107,2026-07-12T09:09:56.639Z
NORTH,V0297,38483444.239999995,128278.14746666665,225,49,107,2026-07-12T09:09:56.639Z
NORTH,V0321,38403569.39999999,179455.93177570088,160,50,107,2026-07-12T09:09:56.639Z
NORTH,V0382,38043465.71999999,152173.86287999997,184,51,107,2026-07-12T09:09:56.639Z
NORTH,V0230,37972888.45000002,124094.40669934647,222,52,107,2026-07-12T09:09:56.639Z
NORTH,V0019,37623586.959999986,166476.04849557515,171,53,107,2026-07-12T09:09:56.639Z
NORTH,V0281,37225546.28,131539.03279151945,218,54,107,2026-07-12T09:09:56.639Z
NORTH,V0056,36873220.94,104753.46857954544,273,55,107,2026-07-12T09:09:56.639Z
NORTH,V0189,36785028.79999998,150758.31475409828,180,56,107,2026-07-12T09:09:56.639Z
NORTH,V0114,36359958.32999998,119605.12608552627,226,57,107,2026-07-12T09:09:56.639Z
NORTH,V0302,36154718.94000001,177229.01441176477,147,58,107,2026-07-12T09:09:56.639Z
NORTH,V0437,35387535.15999999,136105.90446153842,197,59,107,2026-07-12T09:09:56.639Z
NORTH,V0014,35300906.14999999,166513.70825471694,150,60,107,2026-07-12T09:09:56.639Z
NORTH,V0049,35120797.59,158201.79094594595,155,61,107,2026-07-12T09:09:56.639Z
NORTH,V0060,35097370.01,137099.1016015625,190,62,107,2026-07-12T09:09:56.639Z
NORTH,V0325,34481546.97,161128.7241588785,168,63,107,2026-07-12T09:09:56.639Z
NORTH,V0057,33293830.209999993,185999.05145251393,130,64,107,2026-07-12T09:09:56.639Z
NORTH,V0368,32243373.860000007,143943.63330357146,172,65,107,2026-07-12T09:09:56.639Z
NORTH,V0001,32059424.640000008,108308.86702702705,220,66,107,2026-07-12T09:09:56.639Z
NORTH,V0442,31823923.210000012,131503.81491735543,178,67,107,2026-07-12T09:09:56.639Z
NORTH,V0204,31601233.20999999,125901.32752988044,196,68,107,2026-07-12T09:09:56.639Z
NORTH,V0234,30818245.7,189068.99202453988,121,69,107,2026-07-12T09:09:56.639Z
NORTH,V0396,29655394.98,175475.7099408284,126,70,107,2026-07-12T09:09:56.639Z
NORTH,V0201,28590719.540000003,105112.93948529413,221,71,107,2026-07-12T09:09:56.639Z
NORTH,V0044,28204122.19,167881.67970238096,115,72,107,2026-07-12T09:09:56.639Z
NORTH,V0134,28068997.730000004,179929.47262820514,120,73,107,2026-07-12T09:09:56.639Z
NORTH,V0413,27649529.629999995,97357.49869718308,220,74,107,2026-07-12T09:09:56.639Z
NORTH,V0062,25883680.830000002,161773.0051875,125,75,107,2026-07-12T09:09:56.639Z
NORTH,V0276,25565539.739999995,138943.15076086952,140,76,107,2026-07-12T09:09:56.639Z
NORTH,V0292,25143759.04000001,158136.84930817617,119,77,107,2026-07-12T09:09:56.639Z
NORTH,V0294,25017620.73999999,133072.4507446808,141,78,107,2026-07-12T09:09:56.639Z
NORTH,V0028,24559177.120000005,118072.96692307695,159,79,107,2026-07-12T09:09:56.639Z
NORTH,V0207,24188010.37,163432.5025,110,80,107,2026-07-12T09:09:56.639Z
NORTH,V0116,23540024.750000004,115960.71305418722,149,81,107,2026-07-12T09:09:56.639Z
NORTH,V0229,23459336.670000006,161788.52875862073,105,82,107,2026-07-12T09:09:56.639Z
NORTH,V0429,23422503.259999998,172224.28867647058,94,83,107,2026-07-12T09:09:56.639Z
NORTH,V0264,22938898.810000006,154992.55952702707,103,84,107,2026-07-12T09:09:56.639Z
NORTH,V0084,22757991.689999994,130793.05568965514,134,85,107,2026-07-12T09:09:56.639Z
NORTH,V0200,21567111.83,140046.1807142857,115,86,107,2026-07-12T09:09:56.639Z
NORTH,V0222,20952523.590000004,154062.67345588238,100,87,107,2026-07-12T09:09:56.639Z
NORTH,V0406,20928128.1,113739.82663043479,134,88,107,2026-07-12T09:09:56.639Z
NORTH,V0231,20441590.59,180899.0317699115,80,89,107,2026-07-12T09:09:56.639Z
NORTH,V0121,19979889.87,161128.14411290325,99,90,107,2026-07-12T09:09:56.639Z
NORTH,V0202,19730774.160000008,107818.43803278693,147,91,107,2026-07-12T09:09:56.639Z
NORTH,V0139,18015893.29000001,120105.95526666673,114,92,107,2026-07-12T09:09:56.639Z
NORTH,V0304,17720842.41,112871.60770700638,127,93,107,2026-07-12T09:09:56.639Z
NORTH,V0343,17268587.849999998,145114.18361344535,91,94,107,2026-07-12T09:09:56.639Z
NORTH,V0037,16163062.13,120619.86664179106,104,95,107,2026-07-12T09:09:56.639Z
NORTH,V0007,15708669.410000002,98796.66295597485,118,96,107,2026-07-12T09:09:56.639Z
NORTH,V0261,15373468.129999999,252024.067704918,37,97,107,2026-07-12T09:09:56.639Z
NORTH,V0288,14801898.000000002,112991.58778625955,89,98,107,2026-07-12T09:09:56.639Z
NORTH,V0333,14380324.019999998,108122.73699248118,101,99,107,2026-07-12T09:09:56.639Z
NORTH,V0349,13564383.750000006,113986.41806722694,92,100,107,2026-07-12T09:09:56.639Z
NORTH,V0364,13544723.860000001,110119.7061788618,95,101,107,2026-07-12T09:09:56.639Z
NORTH,V0205,13342984.110000003,127076.03914285717,84,102,107,2026-07-12T09:09:56.639Z
NORTH,V0086,13226850.67,128416.0259223301,78,103,107,2026-07-12T09:09:56.639Z
NORTH,V0456,12839714.030000001,104387.91894308945,88,104,107,2026-07-12T09:09:56.639Z
NORTH,V0279,11378705.459999999,113787.05459999999,80,105,107,2026-07-12T09:09:56.639Z
NORTH,V0389,10820752.52,177389.38557377047,48,106,107,2026-07-12T09:09:56.639Z
NORTH,V0159,444457.04000000004,34189.00307692308,11,107,107,2026-07-12T09:09:56.639Z
SOUTH,V0380,123006503.02000007,170133.47582296,541,1,106,2026-07-12T09:09:56.639Z
SOUTH,V0070,109388712.24000008,173083.40544303812,476,2,106,2026-07-12T09:09:56.639Z
SOUTH,V0221,93132907.6099999,158120.3864346348,436,3,106,2026-07-12T09:09:56.639Z
SOUTH,V0082,92061991.76,184863.43726907633,368,4,106,2026-07-12T09:09:56.639Z
SOUTH,V0236,78011783.04,176497.2466968326,326,5,106,2026-07-12T09:09:56.639Z
SOUTH,V0388,76900544.91,174773.96570454544,331,6,106,2026-07-12T09:09:56.639Z
SOUTH,V0034,76729092.94000001,194250.86820253168,275,7,106,2026-07-12T09:09:56.639Z
SOUTH,V0209,66083598.53999997,185108.11915966377,268,8,106,2026-07-12T09:09:56.639Z
SOUTH,V0005,64396733.34999999,133326.5700828157,365,9,106,2026-07-12T09:09:56.639Z
SOUTH,V0148,63383068.06999998,165491.03934725843,291,10,106,2026-07-12T09:09:56.639Z
SOUTH,V0021,62024614.76999999,154290.0864925373,292,11,106,2026-07-12T09:09:56.639Z
SOUTH,V0401,56841793.94999998,164282.6414739884,257,12,106,2026-07-12T09:09:56.639Z
SOUTH,V0407,56359701.41999999,134189.76528571427,317,13,106,2026-07-12T09:09:56.639Z
SOUTH,V0242,54251532.98,166927.79378461538,237,14,106,2026-07-12T09:09:56.639Z
SOUTH,V0295,53911693.31999998,150171.84768802222,274,15,106,2026-07-12T09:09:56.639Z
SOUTH,V0394,52556651.30999996,152780.963110465,255,16,106,2026-07-12T09:09:56.639Z
SOUTH,V0085,51165185.88999997,167206.48983660122,229,17,106,2026-07-12T09:09:56.639Z
SOUTH,V0425,49787358.00000001,172872.77083333337,200,18,106,2026-07-12T09:09:56.639Z
SOUTH,V0055,49069503.76999999,180402.58738970585,204,19,106,2026-07-12T09:09:56.639Z
SOUTH,V0100,48622005.880000025,135815.65888268163,259,20,106,2026-07-12T09:09:56.639Z
SOUTH,V0454,48462097.08000002,150503.4070807454,231,21,106,2026-07-12T09:09:56.639Z
SOUTH,V0091,48087667.96000001,161911.33993265996,215,22,106,2026-07-12T09:09:56.639Z
SOUTH,V0074,46974341.21999998,130484.2811666666,266,23,106,2026-07-12T09:09:56.639Z
SOUTH,V0316,45959865.97000001,123881.04035040435,290,24,106,2026-07-12T09:09:56.639Z
SOUTH,V0094,45357305.22,165537.6102919708,200,25,106,2026-07-12T09:09:56.639Z
SOUTH,V0404,45196485.21000002,163755.38119565227,196,26,106,2026-07-12T09:09:56.639Z
SOUTH,V0016,44878278.95,172608.7651923077,188,27,106,2026-07-12T09:09:56.639Z
SOUTH,V0101,44158920.98999997,129879.17938235286,249,28,106,2026-07-12T09:09:56.639Z
SOUTH,V0275,44046881.199999996,209747.05333333332,158,29,106,2026-07-12T09:09:56.639Z
SOUTH,V0006,43409623.71000001,121255.93215083801,270,30,106,2026-07-12T09:09:56.639Z
SOUTH,V0422,42895768.46,174373.0425203252,181,31,106,2026-07-12T09:09:56.639Z
SOUTH,V0356,42276606.98999999,163230.14281853277,202,32,106,2026-07-12T09:09:56.639Z
SOUTH,V0149,42226180.019999966,215439.69397959166,137,33,106,2026-07-12T09:09:56.639Z
SOUTH,V0334,41869771.47,179698.59,172,34,106,2026-07-12T09:09:56.639Z
SOUTH,V0172,41214614.419999994,134688.28241830063,222,35,106,2026-07-12T09:09:56.639Z
SOUTH,V0418,40474390.069999985,155670.73103846147,190,36,106,2026-07-12T09:09:56.639Z
SOUTH,V0218,39574393.889999986,182370.4787557603,173,37,106,2026-07-12T09:09:56.639Z
SOUTH,V0412,39302284.550000004,200521.8599489796,144,38,106,2026-07-12T09:09:56.639Z
SOUTH,V0197,38613191.73,104642.79601626015,273,39,106,2026-07-12T09:09:56.639Z
SOUTH,V0199,38454962.80999998,140860.66963369955,194,40,106,2026-07-12T09:09:56.639Z
SOUTH,V0272,37495215.22999999,160235.96252136747,181,41,106,2026-07-12T09:09:56.639Z
SOUTH,V0203,36637447.28,173637.19090047394,156,42,106,2026-07-12T09:09:56.639Z
SOUTH,V0137,36591906.91,175080.89430622009,160,43,106,2026-07-12T09:09:56.639Z
SOUTH,V0402,36548475.56,109099.92704477612,259,44,106,2026-07-12T09:09:56.639Z
SOUTH,V0331,34689116.04,145142.7449372385,180,45,106,2026-07-12T09:09:56.639Z
SOUTH,V0403,34490417.23999999,163461.69308056866,153,46,106,2026-07-12T09:09:56.639Z
SOUTH,V0029,33524363.54,179274.67133689838,139,47,106,2026-07-12T09:09:56.639Z
SOUTH,V0171,32738274.009999994,153700.81694835678,164,48,106,2026-07-12T09:09:56.639Z
SOUTH,V0328,32411084.689999998,107678.0222259136,214,49,106,2026-07-12T09:09:56.639Z
SOUTH,V0352,32213354.909999996,117139.47239999998,215,50,106,2026-07-12T09:09:56.639Z
SOUTH,V0287,31347926.7,192318.56871165644,120,51,106,2026-07-12T09:09:56.639Z
SOUTH,V0180,31245600.33,172627.62613259666,129,52,106,2026-07-12T09:09:56.639Z
SOUTH,V0098,30936716.290000007,103467.27856187292,230,53,106,2026-07-12T09:09:56.639Z
SOUTH,V0175,30545974.60000001,203639.83066666673,116,54,106,2026-07-12T09:09:56.639Z
SOUTH,V0240,30526411.830000002,135072.61871681418,169,55,106,2026-07-12T09:09:56.639Z
SOUTH,V0182,29723507.55,124888.68718487395,183,56,106,2026-07-12T09:09:56.639Z
SOUTH,V0481,29716994.77999999,126995.70418803414,193,57,106,2026-07-12T09:09:56.639Z
SOUTH,V0024,29714169.690000005,124849.45247899162,181,58,106,2026-07-12T09:09:56.639Z
SOUTH,V0299,29708628.65,165969.99245810055,129,59,106,2026-07-12T09:09:56.639Z
SOUTH,V0291,29063960.69999998,116722.73373493968,188,60,106,2026-07-12T09:09:56.639Z
SOUTH,V0477,28961101.68000001,133461.2980645162,150,61,106,2026-07-12T09:09:56.639Z
SOUTH,V0255,28952177.48000002,149238.02824742277,146,62,106,2026-07-12T09:09:56.639Z
SOUTH,V0058,27616932.00999999,166367.06030120476,124,63,106,2026-07-12T09:09:56.639Z
SOUTH,V0273,27597783.03,180377.6668627451,112,64,106,2026-07-12T09:09:56.639Z
SOUTH,V0077,27529833.669999998,193872.06809859152,106,65,106,2026-07-12T09:09:56.639Z
SOUTH,V0358,26982722.439999994,118345.2738596491,176,66,106,2026-07-12T09:09:56.639Z
SOUTH,V0386,26726857.009999998,123735.44912037037,165,67,106,2026-07-12T09:09:56.639Z
SOUTH,V0395,26677073.919999998,177847.15946666666,107,68,106,2026-07-12T09:09:56.639Z
SOUTH,V0347,26401353.349999998,134700.78239795918,142,69,106,2026-07-12T09:09:56.639Z
SOUTH,V0212,26217572.870000016,127890.59936585373,152,70,106,2026-07-12T09:09:56.639Z
SOUTH,V0237,25248229.459999997,123765.8306862745,154,71,106,2026-07-12T09:09:56.639Z
SOUTH,V0439,25189558.210000005,108575.68193965519,183,72,106,2026-07-12T09:09:56.639Z
SOUTH,V0190,25032946.839999992,113271.25266968322,171,73,106,2026-07-12T09:09:56.639Z
SOUTH,V0015,24860195.52,147101.74863905326,128,74,106,2026-07-12T09:09:56.639Z
SOUTH,V0262,24341744.529999994,119910.07157635465,156,75,106,2026-07-12T09:09:56.639Z
SOUTH,V0033,23723271.40999999,189786.17127999992,101,76,106,2026-07-12T09:09:56.639Z
SOUTH,V0191,23569085.980000004,165979.4787323944,106,77,106,2026-07-12T09:09:56.639Z
SOUTH,V0478,23495954.80000001,150615.09487179492,111,78,106,2026-07-12T09:09:56.639Z
SOUTH,V0311,23196354.750000007,110458.83214285718,175,79,106,2026-07-12T09:09:56.639Z
SOUTH,V0004,22801155.879999995,131798.58890173407,138,80,106,2026-07-12T09:09:56.639Z
SOUTH,V0498,22255570.66,139097.316625,117,81,106,2026-07-12T09:09:56.639Z
SOUTH,V0461,22075399.819999993,140607.64216560504,121,82,106,2026-07-12T09:09:56.639Z
SOUTH,V0110,22029368.74,158484.6671942446,97,83,106,2026-07-12T09:09:56.639Z
SOUTH,V0117,21593416.880000006,168698.56937500005,89,84,106,2026-07-12T09:09:56.639Z
SOUTH,V0142,20585874.1,115004.88324022347,131,85,106,2026-07-12T09:09:56.639Z
SOUTH,V0214,18700612.539999995,129865.36486111108,119,86,106,2026-07-12T09:09:56.639Z
SOUTH,V0423,18633866.290000007,141165.65371212128,95,87,106,2026-07-12T09:09:56.639Z
SOUTH,V0254,18309719.580000002,223289.26317073172,63,88,106,2026-07-12T09:09:56.639Z
SOUTH,V0259,16568446.650000004,169065.78214285718,70,89,106,2026-07-12T09:09:56.639Z
SOUTH,V0490,16524650.519999998,101378.22404907974,121,90,106,2026-07-12T09:09:56.639Z
SOUTH,V0111,16158058.889999995,134650.49074999997,95,91,106,2026-07-12T09:09:56.639Z
SOUTH,V0370,15169896.950000003,129657.23888888891,92,92,106,2026-07-12T09:09:56.639Z
SOUTH,V0076,14581162.200000001,123569.17118644068,91,93,106,2026-07-12T09:09:56.639Z
SOUTH,V0151,14303716.81,152167.20010638298,71,94,106,2026-07-12T09:09:56.639Z
SOUTH,V0164,13880875.329999996,127347.48009174308,80,95,106,2026-07-12T09:09:56.639Z
SOUTH,V0162,13361324.87,130993.38107843137,81,96,106,2026-07-12T09:09:56.639Z
SOUTH,V0372,13112378.360000001,150716.99264367818,67,97,106,2026-07-12T09:09:56.639Z
SOUTH,V0118,12379965.14,139100.73191011237,74,98,106,2026-07-12T09:09:56.639Z
SOUTH,V0061,11618748.05,111718.73125000001,71,99,106,2026-07-12T09:09:56.639Z
SOUTH,V0067,11470268.310000002,166235.7726086957,53,100,106,2026-07-12T09:09:56.639Z
SOUTH,V0235,9292166.260000002,108048.44488372095,62,101,106,2026-07-12T09:09:56.639Z
SOUTH,V0245,8853657.77,116495.4969736842,61,102,106,2026-07-12T09:09:56.639Z
SOUTH,V0313,8461035.870000001,122623.70826086958,55,103,106,2026-07-12T09:09:56.639Z
SOUTH,V0417,7359947.55,106665.90652173913,57,104,106,2026-07-12T09:09:56.639Z
SOUTH,V0337,6777802.31,123232.76927272727,42,105,106,2026-07-12T09:09:56.639Z
SOUTH,V0410,5068330.53,123617.81780487805,33,106,106,2026-07-12T09:09:56.639Z
WEST,V0232,98275174.33000003,173019.67311619723,405,1,88,2026-07-12T09:09:56.639Z
WEST,V0228,88679008.42000003,150558.5881494058,414,2,88,2026-07-12T09:09:56.639Z
WEST,V0387,87861453.75999995,176428.62200803202,358,3,88,2026-07-12T09:09:56.639Z
WEST,V0497,83121124.04999998,171383.760927835,370,4,88,2026-07-12T09:09:56.639Z
WEST,V0097,81353640.40999997,161415.9531944444,383,5,88,2026-07-12T09:09:56.639Z
WEST,V0271,81330354.24000001,138552.56258943785,423,6,88,2026-07-12T09:09:56.639Z
WEST,V0108,74804758.27999999,149609.51655999996,358,7,88,2026-07-12T09:09:56.639Z
WEST,V0496,73753884.42,149299.36117408908,369,8,88,2026-07-12T09:09:56.639Z
WEST,V0452,72087358.05999999,189205.66419947502,258,9,88,2026-07-12T09:09:56.639Z
WEST,V0247,70678319.15,146331.92370600416,368,10,88,2026-07-12T09:09:56.639Z
WEST,V0256,65026574.100000046,181638.47513966492,243,11,88,2026-07-12T09:09:56.639Z
WEST,V0457,64454518.13000002,176105.24079234977,277,12,88,2026-07-12T09:09:56.639Z
WEST,V0491,57541782.39999999,148303.5628865979,301,13,88,2026-07-12T09:09:56.639Z
WEST,V0173,56874285.64000001,172870.16911854106,248,14,88,2026-07-12T09:09:56.639Z
WEST,V0315,56296298.01000003,198926.8480918729,203,15,88,2026-07-12T09:09:56.639Z
WEST,V0257,55957477.79000004,116578.07872916674,369,16,88,2026-07-12T09:09:56.639Z
WEST,V0030,55015169.980000004,150314.67207650276,284,17,88,2026-07-12T09:09:56.639Z
WEST,V0157,51110223.40999998,166482.8124104234,226,18,88,2026-07-12T09:09:56.639Z
WEST,V0138,50745305.690000005,132149.23356770835,288,19,88,2026-07-12T09:09:56.639Z
WEST,V0305,50250533.260000005,136922.43395095368,270,20,88,2026-07-12T09:09:56.639Z
WEST,V0361,49146092,173049.61971830987,220,21,88,2026-07-12T09:09:56.639Z
WEST,V0186,48980603.30999997,137585.9643539325,258,22,88,2026-07-12T09:09:56.639Z
WEST,V0220,46676791.94999999,141017.49833836855,239,23,88,2026-07-12T09:09:56.639Z
WEST,V0485,46095760.97000002,170095.05892988938,203,24,88,2026-07-12T09:09:56.639Z
WEST,V0113,46000516.82000003,181104.39692913397,173,25,88,2026-07-12T09:09:56.639Z
WEST,V0426,44480989.82999997,155527.93646853135,218,26,88,2026-07-12T09:09:56.639Z
WEST,V0065,43979208.36999999,150099.68726962453,212,27,88,2026-07-12T09:09:56.639Z
WEST,V0095,43899428.51,157345.62189964156,204,28,88,2026-07-12T09:09:56.639Z
WEST,V0119,43323119.009999976,161052.48702602222,199,29,88,2026-07-12T09:09:56.639Z
WEST,V0125,43234821.14999998,110012.26755725186,313,30,88,2026-07-12T09:09:56.639Z
WEST,V0025,42831325.6,141825.58145695366,235,31,88,2026-07-12T09:09:56.639Z
WEST,V0038,42619423.83,188581.52137168142,176,32,88,2026-07-12T09:09:56.639Z
WEST,V0495,42283222.59,140944.07530000003,238,33,88,2026-07-12T09:09:56.639Z
WEST,V0239,42077120.900000006,161215.022605364,194,34,88,2026-07-12T09:09:56.639Z
WEST,V0322,41137363.39999996,133997.9263843647,229,35,88,2026-07-12T09:09:56.639Z
WEST,V0217,41136937.970000006,137123.12656666667,217,36,88,2026-07-12T09:09:56.639Z
WEST,V0227,39952587.67,136356.95450511947,214,37,88,2026-07-12T09:09:56.639Z
WEST,V0318,39409222.05999999,133590.58325423725,222,38,88,2026-07-12T09:09:56.639Z
WEST,V0419,38606243.760000005,170071.55841409694,166,39,88,2026-07-12T09:09:56.639Z
WEST,V0063,35754663.36,182421.75183673468,148,40,88,2026-07-12T09:09:56.639Z
WEST,V0263,35444272.480000004,134769.0968821293,194,41,88,2026-07-12T09:09:56.639Z
WEST,V0265,35342799.949999996,170738.16400966182,166,42,88,2026-07-12T09:09:56.639Z
WEST,V0409,35301129.63999999,123863.6127719298,229,43,88,2026-07-12T09:09:56.639Z
WEST,V0267,35241602.23,184511.00643979057,139,44,88,2026-07-12T09:09:56.639Z
WEST,V0416,34973188.49000001,123145.02989436623,211,45,88,2026-07-12T09:09:56.639Z
WEST,V0106,34050628.78999999,142471.250167364,173,46,88,2026-07-12T09:09:56.639Z
WEST,V0480,33650248.92,145672.07324675325,178,47,88,2026-07-12T09:09:56.639Z
WEST,V0184,33075471.609999996,138391.09460251045,158,48,88,2026-07-12T09:09:56.639Z
WEST,V0123,32723160.160000008,127327.47143968874,186,49,88,2026-07-12T09:09:56.639Z
WEST,V0045,32594729.069999993,148834.37931506845,170,50,88,2026-07-12T09:09:56.639Z
WEST,V0463,32290301.46,160648.26597014925,158,51,88,2026-07-12T09:09:56.639Z
WEST,V0122,31585079.63000001,122899.14252918292,186,52,88,2026-07-12T09:09:56.639Z
WEST,V0365,31107991.28,131813.52237288136,175,53,88,2026-07-12T09:09:56.639Z
WEST,V0244,30953301.810000025,98892.33805111829,229,54,88,2026-07-12T09:09:56.639Z
WEST,V0088,30915517.76000001,106238.89264604815,226,55,88,2026-07-12T09:09:56.639Z
WEST,V0096,30788673.8,190053.54197530865,115,56,88,2026-07-12T09:09:56.639Z
WEST,V0269,30446335.069999997,142940.54023474175,162,57,88,2026-07-12T09:09:56.639Z
WEST,V0168,30376976.8,151129.23781094528,147,58,88,2026-07-12T09:09:56.639Z
WEST,V0260,29759918.259999994,115348.52038759687,199,59,88,2026-07-12T09:09:56.639Z
WEST,V0219,29545212.709999997,164140.0706111111,140,60,88,2026-07-12T09:09:56.639Z
WEST,V0474,29128150.350000005,173381.8473214286,134,61,88,2026-07-12T09:09:56.639Z
WEST,V0500,28973987.690000016,113623.48113725496,198,62,88,2026-07-12T09:09:56.639Z
WEST,V0414,28806572.990000006,133363.76384259263,162,63,88,2026-07-12T09:09:56.639Z
WEST,V0211,26776462.599999987,121711.19363636358,161,64,88,2026-07-12T09:09:56.639Z
WEST,V0078,26774441.22,172738.33045161288,118,65,88,2026-07-12T09:09:56.639Z
WEST,V0448,26627448.849999998,122144.2607798165,163,66,88,2026-07-12T09:09:56.639Z
WEST,V0375,25021512.450000003,266186.3026595745,69,67,88,2026-07-12T09:09:56.639Z
WEST,V0011,24753315.66999999,168389.90251700673,99,68,88,2026-07-12T09:09:56.639Z
WEST,V0241,24533079.999999996,143468.30409356722,130,69,88,2026-07-12T09:09:56.639Z
WEST,V0472,24193417.04,144870.76071856287,124,70,88,2026-07-12T09:09:56.639Z
WEST,V0226,23403267.52,137666.27952941175,128,71,88,2026-07-12T09:09:56.639Z
WEST,V0284,23346390.56,176866.59515151515,92,72,88,2026-07-12T09:09:56.639Z
WEST,V0296,23101852.38,228731.2116831683,73,73,88,2026-07-12T09:09:56.639Z
WEST,V0445,22067377.17,121919.21088397791,134,74,88,2026-07-12T09:09:56.639Z
WEST,V0179,21371618.369999994,134412.69415094337,119,75,88,2026-07-12T09:09:56.639Z
WEST,V0188,20246403.93,95053.53957746479,158,76,88,2026-07-12T09:09:56.639Z
WEST,V0048,20048593.259999998,100746.69979899496,150,77,88,2026-07-12T09:09:56.639Z
WEST,V0258,19423435.41,168899.4383478261,87,78,88,2026-07-12T09:09:56.639Z
WEST,V0224,19133416.180000003,119583.85112500002,128,79,88,2026-07-12T09:09:56.639Z
WEST,V0399,19022310.16,95111.5508,155,80,88,2026-07-12T09:09:56.639Z
WEST,V0373,16983025.259999998,186626.65120879118,67,81,88,2026-07-12T09:09:56.639Z
WEST,V0405,16831151.549999997,165011.28970588231,75,82,88,2026-07-12T09:09:56.639Z
WEST,V0479,15860020.079999998,127903.38774193547,100,83,88,2026-07-12T09:09:56.639Z
WEST,V0023,14269434.310000002,176165.85567901237,69,84,88,2026-07-12T09:09:56.639Z
WEST,V0079,11427350.330000002,137678.91963855425,67,85,88,2026-07-12T09:09:56.639Z
WEST,V0136,10848233.600000001,174971.50967741938,46,86,88,2026-07-12T09:09:56.639Z
WEST,V0433,10343025.58,99452.16903846154,75,87,88,2026-07-12T09:09:56.639Z
WEST,V0338,9320841.56,133154.87942857144,58,88,88,2026-07-12T09:09:56.639Z
